<?xml version="1.0" encoding="UTF-8"?>
<link:linkbase xmlns:xsi="http://www.w3.org/2001/XMLSchema-instance" xsi:schemaLocation="http://www.xbrl.org/2003/linkbase http://www.xbrl.org/2003/xbrl-linkbase-2003-12-31.xsd http://www.w3.org/1999/xlink http://www.xbrl.org/2003/xlink-2003-12-31.xsd http://xbrl.org/2008/label http://www.xbrl.org/2008/generic-label.xsd http://xbrl.org/2008/generic http://www.xbrl.org/2008/generic-link.xsd" xmlns:gen="http://xbrl.org/2008/generic" xmlns:link="http://www.xbrl.org/2003/linkbase" xmlns:xlink="http://www.w3.org/1999/xlink" xmlns:label="http://xbrl.org/2008/label">
  <link:roleRef roleURI="http://www.xbrl.org/2008/role/label" xlink:type="simple" xlink:href="http://www.xbrl.org/2008/generic-label.xsd#standard-label"/>
  <link:roleRef roleURI="http://www.xbrl.org/2008/role/link" xlink:type="simple" xlink:href="http://www.xbrl.org/2008/generic-link.xsd#standard-link-role"/>
  <link:arcroleRef arcroleURI="http://xbrl.org/arcrole/2008/element-label" xlink:type="simple" xlink:href="http://www.xbrl.org/2008/generic-label.xsd#element-label"/>
  <gen:link xlink:type="extended" xlink:role="http://www.xbrl.org/2008/role/link">
    <link:loc xlink:type="locator" xlink:href="jenv-bw2_cor.xsd#jenv-bw2_CategoryEmployeesManagerialPositionsTypedMember" xlink:label="jenv-bw2_CategoryEmployeesManagerialPositionsTypedMember_loc"/>
    <label:label xlink:type="resource" xlink:label="jenv-bw2_CategoryEmployeesManagerialPositionsTypedMember_label_en" xlink:role="http://www.xbrl.org/2008/role/label" xml:lang="en" id="jenv-bw2_CategoryEmployeesManagerialPositionsTypedMember_label_en">Category of employees in managerial positions</label:label>
    <gen:arc xlink:type="arc" xlink:arcrole="http://xbrl.org/arcrole/2008/element-label" xlink:from="jenv-bw2_CategoryEmployeesManagerialPositionsTypedMember_loc" xlink:to="jenv-bw2_CategoryEmployeesManagerialPositionsTypedMember_label_en"/>
    <link:loc xlink:type="locator" xlink:href="jenv-bw2_cor.xsd#jenv-bw2_DerivativeFinancialInstrumentTypedMember" xlink:label="jenv-bw2_DerivativeFinancialInstrumentTypedMember_loc"/>
    <label:label xlink:type="resource" xlink:label="jenv-bw2_DerivativeFinancialInstrumentTypedMember_label_en" xlink:role="http://www.xbrl.org/2008/role/label" xml:lang="en" id="jenv-bw2_DerivativeFinancialInstrumentTypedMember_label_en">Category of derivative financial instrument</label:label>
    <gen:arc xlink:type="arc" xlink:arcrole="http://xbrl.org/arcrole/2008/element-label" xlink:from="jenv-bw2_DerivativeFinancialInstrumentTypedMember_loc" xlink:to="jenv-bw2_DerivativeFinancialInstrumentTypedMember_label_en"/>
    <link:loc xlink:type="locator" xlink:href="jenv-bw2_cor.xsd#jenv-bw2_FinancialInstrumentsCurrentValueTypedMember" xlink:label="jenv-bw2_FinancialInstrumentsCurrentValueTypedMember_loc"/>
    <label:label xlink:type="resource" xlink:label="jenv-bw2_FinancialInstrumentsCurrentValueTypedMember_label_en" xlink:role="http://www.xbrl.org/2008/role/label" xml:lang="en" id="jenv-bw2_FinancialInstrumentsCurrentValueTypedMember_label_en">Category of financial instruments</label:label>
    <gen:arc xlink:type="arc" xlink:arcrole="http://xbrl.org/arcrole/2008/element-label" xlink:from="jenv-bw2_FinancialInstrumentsCurrentValueTypedMember_loc" xlink:to="jenv-bw2_FinancialInstrumentsCurrentValueTypedMember_label_en"/>
    <link:loc xlink:type="locator" xlink:href="jenv-bw2_cor.xsd#jenv-bw2_FinancialInstrumentsHigherValueThanFairValueTypedMember" xlink:label="jenv-bw2_FinancialInstrumentsHigherValueThanFairValueTypedMember_loc"/>
    <label:label xlink:type="resource" xlink:label="jenv-bw2_FinancialInstrumentsHigherValueThanFairValueTypedMember_label_en" xlink:role="http://www.xbrl.org/2008/role/label" xml:lang="en" id="jenv-bw2_FinancialInstrumentsHigherValueThanFairValueTypedMember_label_en">Category of financial instruments measured at higher value than fair value</label:label>
    <gen:arc xlink:type="arc" xlink:arcrole="http://xbrl.org/arcrole/2008/element-label" xlink:from="jenv-bw2_FinancialInstrumentsHigherValueThanFairValueTypedMember_loc" xlink:to="jenv-bw2_FinancialInstrumentsHigherValueThanFairValueTypedMember_label_en"/>
    <link:loc xlink:type="locator" xlink:href="jenv-bw2_cor.xsd#jenv-bw2_HedgeInstrumentTypedMember" xlink:label="jenv-bw2_HedgeInstrumentTypedMember_loc"/>
    <label:label xlink:type="resource" xlink:label="jenv-bw2_HedgeInstrumentTypedMember_label_en" xlink:role="http://www.xbrl.org/2008/role/label" xml:lang="en" id="jenv-bw2_HedgeInstrumentTypedMember_label_en">Hedge instrument</label:label>
    <gen:arc xlink:type="arc" xlink:arcrole="http://xbrl.org/arcrole/2008/element-label" xlink:from="jenv-bw2_HedgeInstrumentTypedMember_loc" xlink:to="jenv-bw2_HedgeInstrumentTypedMember_label_en"/>
    <link:loc xlink:type="locator" xlink:href="jenv-bw2_cor.xsd#jenv-bw2_LegalEntityNamesParticipatingInterestsWithoutLegalPersonalityTypedMember" xlink:label="jenv-bw2_LegalEntityNamesParticipatingInterestsWithoutLegalPersonalityTypedMember_loc"/>
    <label:label xlink:type="resource" xlink:label="jenv-bw2_LegalEntityNamesParticipatingInterestsWithoutLegalPersonalityTypedMember_label_en" xlink:role="http://www.xbrl.org/2008/role/label" xml:lang="en" id="jenv-bw2_LegalEntityNamesParticipatingInterestsWithoutLegalPersonalityTypedMember_label_en">Name of subsidiary without legal personality</label:label>
    <gen:arc xlink:type="arc" xlink:arcrole="http://xbrl.org/arcrole/2008/element-label" xlink:from="jenv-bw2_LegalEntityNamesParticipatingInterestsWithoutLegalPersonalityTypedMember_loc" xlink:to="jenv-bw2_LegalEntityNamesParticipatingInterestsWithoutLegalPersonalityTypedMember_label_en"/>
    <link:loc xlink:type="locator" xlink:href="jenv-bw2_cor.xsd#jenv-bw2_LegalEntityTypedMember" xlink:label="jenv-bw2_LegalEntityTypedMember_loc"/>
    <label:label xlink:type="resource" xlink:label="jenv-bw2_LegalEntityTypedMember_label_en" xlink:role="http://www.xbrl.org/2008/role/label" xml:lang="en" id="jenv-bw2_LegalEntityTypedMember_label_en">Legal entity</label:label>
    <gen:arc xlink:type="arc" xlink:arcrole="http://xbrl.org/arcrole/2008/element-label" xlink:from="jenv-bw2_LegalEntityTypedMember_loc" xlink:to="jenv-bw2_LegalEntityTypedMember_label_en"/>
    <link:loc xlink:type="locator" xlink:href="jenv-bw2_cor.xsd#jenv-bw2_LiabilitiesOtherTypedMember" xlink:label="jenv-bw2_LiabilitiesOtherTypedMember_loc"/>
    <label:label xlink:type="resource" xlink:label="jenv-bw2_LiabilitiesOtherTypedMember_label_en" xlink:role="http://www.xbrl.org/2008/role/label" xml:lang="en" id="jenv-bw2_LiabilitiesOtherTypedMember_label_en">Category of other liabilities</label:label>
    <gen:arc xlink:type="arc" xlink:arcrole="http://xbrl.org/arcrole/2008/element-label" xlink:from="jenv-bw2_LiabilitiesOtherTypedMember_loc" xlink:to="jenv-bw2_LiabilitiesOtherTypedMember_label_en"/>
    <link:loc xlink:type="locator" xlink:href="jenv-bw2_cor.xsd#jenv-bw2_ManagingDirectorTypedMember" xlink:label="jenv-bw2_ManagingDirectorTypedMember_loc"/>
    <label:label xlink:type="resource" xlink:label="jenv-bw2_ManagingDirectorTypedMember_label_en" xlink:role="http://www.xbrl.org/2008/role/label" xml:lang="en" id="jenv-bw2_ManagingDirectorTypedMember_label_en">Managing director</label:label>
    <gen:arc xlink:type="arc" xlink:arcrole="http://xbrl.org/arcrole/2008/element-label" xlink:from="jenv-bw2_ManagingDirectorTypedMember_loc" xlink:to="jenv-bw2_ManagingDirectorTypedMember_label_en"/>
    <link:loc xlink:type="locator" xlink:href="jenv-bw2_cor.xsd#jenv-bw2_ManagingOrSupervisoryDirectorOrRepresentativeTypedMember" xlink:label="jenv-bw2_ManagingOrSupervisoryDirectorOrRepresentativeTypedMember_loc"/>
    <label:label xlink:type="resource" xlink:label="jenv-bw2_ManagingOrSupervisoryDirectorOrRepresentativeTypedMember_label_en" xlink:role="http://www.xbrl.org/2008/role/label" xml:lang="en" id="jenv-bw2_ManagingOrSupervisoryDirectorOrRepresentativeTypedMember_label_en">Name of managing, supervisory directors and representative</label:label>
    <gen:arc xlink:type="arc" xlink:arcrole="http://xbrl.org/arcrole/2008/element-label" xlink:from="jenv-bw2_ManagingOrSupervisoryDirectorOrRepresentativeTypedMember_loc" xlink:to="jenv-bw2_ManagingOrSupervisoryDirectorOrRepresentativeTypedMember_label_en"/>
    <link:loc xlink:type="locator" xlink:href="jenv-bw2_cor.xsd#jenv-bw2_NameBeneficiarySpecialGoverningControlStructureTypedMember" xlink:label="jenv-bw2_NameBeneficiarySpecialGoverningControlStructureTypedMember_loc"/>
    <label:label xlink:type="resource" xlink:label="jenv-bw2_NameBeneficiarySpecialGoverningControlStructureTypedMember_label_en" xlink:role="http://www.xbrl.org/2008/role/label" xml:lang="en" id="jenv-bw2_NameBeneficiarySpecialGoverningControlStructureTypedMember_label_en">Name of beneficiary of special governing control structure</label:label>
    <gen:arc xlink:type="arc" xlink:arcrole="http://xbrl.org/arcrole/2008/element-label" xlink:from="jenv-bw2_NameBeneficiarySpecialGoverningControlStructureTypedMember_loc" xlink:to="jenv-bw2_NameBeneficiarySpecialGoverningControlStructureTypedMember_label_en"/>
    <link:loc xlink:type="locator" xlink:href="jenv-bw2_cor.xsd#jenv-bw2_NetRevenueGeographicTypedMember" xlink:label="jenv-bw2_NetRevenueGeographicTypedMember_loc"/>
    <label:label xlink:type="resource" xlink:label="jenv-bw2_NetRevenueGeographicTypedMember_label_en" xlink:role="http://www.xbrl.org/2008/role/label" xml:lang="en" id="jenv-bw2_NetRevenueGeographicTypedMember_label_en">Net revenue, geography</label:label>
    <gen:arc xlink:type="arc" xlink:arcrole="http://xbrl.org/arcrole/2008/element-label" xlink:from="jenv-bw2_NetRevenueGeographicTypedMember_loc" xlink:to="jenv-bw2_NetRevenueGeographicTypedMember_label_en"/>
    <link:loc xlink:type="locator" xlink:href="jenv-bw2_cor.xsd#jenv-bw2_NetRevenueIndustryTypedMember" xlink:label="jenv-bw2_NetRevenueIndustryTypedMember_loc"/>
    <label:label xlink:type="resource" xlink:label="jenv-bw2_NetRevenueIndustryTypedMember_label_en" xlink:role="http://www.xbrl.org/2008/role/label" xml:lang="en" id="jenv-bw2_NetRevenueIndustryTypedMember_label_en">Net revenue, industry</label:label>
    <gen:arc xlink:type="arc" xlink:arcrole="http://xbrl.org/arcrole/2008/element-label" xlink:from="jenv-bw2_NetRevenueIndustryTypedMember_loc" xlink:to="jenv-bw2_NetRevenueIndustryTypedMember_label_en"/>
    <link:loc xlink:type="locator" xlink:href="jenv-bw2_cor.xsd#jenv-bw2_ReceivablesOtherAffiliatedCompaniesCurrentTypedMember" xlink:label="jenv-bw2_ReceivablesOtherAffiliatedCompaniesCurrentTypedMember_loc"/>
    <label:label xlink:type="resource" xlink:label="jenv-bw2_ReceivablesOtherAffiliatedCompaniesCurrentTypedMember_label_en" xlink:role="http://www.xbrl.org/2008/role/label" xml:lang="en" id="jenv-bw2_ReceivablesOtherAffiliatedCompaniesCurrentTypedMember_label_en">Category of current receivables from other affiliated companies</label:label>
    <gen:arc xlink:type="arc" xlink:arcrole="http://xbrl.org/arcrole/2008/element-label" xlink:from="jenv-bw2_ReceivablesOtherAffiliatedCompaniesCurrentTypedMember_loc" xlink:to="jenv-bw2_ReceivablesOtherAffiliatedCompaniesCurrentTypedMember_label_en"/>
    <link:loc xlink:type="locator" xlink:href="jenv-bw2_cor.xsd#jenv-bw2_ReceivablesOtherTypedMember" xlink:label="jenv-bw2_ReceivablesOtherTypedMember_loc"/>
    <label:label xlink:type="resource" xlink:label="jenv-bw2_ReceivablesOtherTypedMember_label_en" xlink:role="http://www.xbrl.org/2008/role/label" xml:lang="en" id="jenv-bw2_ReceivablesOtherTypedMember_label_en">Category of other receivables</label:label>
    <gen:arc xlink:type="arc" xlink:arcrole="http://xbrl.org/arcrole/2008/element-label" xlink:from="jenv-bw2_ReceivablesOtherTypedMember_loc" xlink:to="jenv-bw2_ReceivablesOtherTypedMember_label_en"/>
    <link:loc xlink:type="locator" xlink:href="jenv-bw2_cor.xsd#jenv-bw2_RelatedPartyTransactionDetailsTypedMember" xlink:label="jenv-bw2_RelatedPartyTransactionDetailsTypedMember_loc"/>
    <label:label xlink:type="resource" xlink:label="jenv-bw2_RelatedPartyTransactionDetailsTypedMember_label_en" xlink:role="http://www.xbrl.org/2008/role/label" xml:lang="en" id="jenv-bw2_RelatedPartyTransactionDetailsTypedMember_label_en">Details of transactions with related parties</label:label>
    <gen:arc xlink:type="arc" xlink:arcrole="http://xbrl.org/arcrole/2008/element-label" xlink:from="jenv-bw2_RelatedPartyTransactionDetailsTypedMember_loc" xlink:to="jenv-bw2_RelatedPartyTransactionDetailsTypedMember_label_en"/>
    <link:loc xlink:type="locator" xlink:href="jenv-bw2_cor.xsd#jenv-bw2_SegmentForAverageNumberEmployeesTypedMember" xlink:label="jenv-bw2_SegmentForAverageNumberEmployeesTypedMember_loc"/>
    <label:label xlink:type="resource" xlink:label="jenv-bw2_SegmentForAverageNumberEmployeesTypedMember_label_en" xlink:role="http://www.xbrl.org/2008/role/label" xml:lang="en" id="jenv-bw2_SegmentForAverageNumberEmployeesTypedMember_label_en">Segment for average number of employees during the period</label:label>
    <gen:arc xlink:type="arc" xlink:arcrole="http://xbrl.org/arcrole/2008/element-label" xlink:from="jenv-bw2_SegmentForAverageNumberEmployeesTypedMember_loc" xlink:to="jenv-bw2_SegmentForAverageNumberEmployeesTypedMember_label_en"/>
    <link:loc xlink:type="locator" xlink:href="jenv-bw2_cor.xsd#jenv-bw2_ShareBasedPaymentsSpecificationTypedMember" xlink:label="jenv-bw2_ShareBasedPaymentsSpecificationTypedMember_loc"/>
    <label:label xlink:type="resource" xlink:label="jenv-bw2_ShareBasedPaymentsSpecificationTypedMember_label_en" xlink:role="http://www.xbrl.org/2008/role/label" xml:lang="en" id="jenv-bw2_ShareBasedPaymentsSpecificationTypedMember_label_en">Specification for share based payments</label:label>
    <gen:arc xlink:type="arc" xlink:arcrole="http://xbrl.org/arcrole/2008/element-label" xlink:from="jenv-bw2_ShareBasedPaymentsSpecificationTypedMember_loc" xlink:to="jenv-bw2_ShareBasedPaymentsSpecificationTypedMember_label_en"/>
    <link:loc xlink:type="locator" xlink:href="jenv-bw2_cor.xsd#jenv-bw2_ShareCapitalEarningsPerShareTypedMember" xlink:label="jenv-bw2_ShareCapitalEarningsPerShareTypedMember_loc"/>
    <label:label xlink:type="resource" xlink:label="jenv-bw2_ShareCapitalEarningsPerShareTypedMember_label_en" xlink:role="http://www.xbrl.org/2008/role/label" xml:lang="en" id="jenv-bw2_ShareCapitalEarningsPerShareTypedMember_label_en">Share capital earnings per share</label:label>
    <gen:arc xlink:type="arc" xlink:arcrole="http://xbrl.org/arcrole/2008/element-label" xlink:from="jenv-bw2_ShareCapitalEarningsPerShareTypedMember_loc" xlink:to="jenv-bw2_ShareCapitalEarningsPerShareTypedMember_label_en"/>
    <link:loc xlink:type="locator" xlink:href="jenv-bw2_cor.xsd#jenv-bw2_ShareCapitalNumberOfSharesTypedMember" xlink:label="jenv-bw2_ShareCapitalNumberOfSharesTypedMember_loc"/>
    <label:label xlink:type="resource" xlink:label="jenv-bw2_ShareCapitalNumberOfSharesTypedMember_label_en" xlink:role="http://www.xbrl.org/2008/role/label" xml:lang="en" id="jenv-bw2_ShareCapitalNumberOfSharesTypedMember_label_en">Share capital (number of shares)</label:label>
    <gen:arc xlink:type="arc" xlink:arcrole="http://xbrl.org/arcrole/2008/element-label" xlink:from="jenv-bw2_ShareCapitalNumberOfSharesTypedMember_loc" xlink:to="jenv-bw2_ShareCapitalNumberOfSharesTypedMember_label_en"/>
    <link:loc xlink:type="locator" xlink:href="jenv-bw2_cor.xsd#jenv-bw2_ShareCapitalTypedMember" xlink:label="jenv-bw2_ShareCapitalTypedMember_loc"/>
    <label:label xlink:type="resource" xlink:label="jenv-bw2_ShareCapitalTypedMember_label_en" xlink:role="http://www.xbrl.org/2008/role/label" xml:lang="en" id="jenv-bw2_ShareCapitalTypedMember_label_en">Share capital</label:label>
    <gen:arc xlink:type="arc" xlink:arcrole="http://xbrl.org/arcrole/2008/element-label" xlink:from="jenv-bw2_ShareCapitalTypedMember_loc" xlink:to="jenv-bw2_ShareCapitalTypedMember_label_en"/>
    <link:loc xlink:type="locator" xlink:href="jenv-bw2_cor.xsd#jenv-bw2_SupervisoryDirectorTypedMember" xlink:label="jenv-bw2_SupervisoryDirectorTypedMember_loc"/>
    <label:label xlink:type="resource" xlink:label="jenv-bw2_SupervisoryDirectorTypedMember_label_en" xlink:role="http://www.xbrl.org/2008/role/label" xml:lang="en" id="jenv-bw2_SupervisoryDirectorTypedMember_label_en">Supervisory director</label:label>
    <gen:arc xlink:type="arc" xlink:arcrole="http://xbrl.org/arcrole/2008/element-label" xlink:from="jenv-bw2_SupervisoryDirectorTypedMember_loc" xlink:to="jenv-bw2_SupervisoryDirectorTypedMember_label_en"/>
    <link:loc xlink:type="locator" xlink:href="jenv-bw2_cor.xsd#jenv-bw2_BasisOfPreparationEE" xlink:label="jenv-bw2_BasisOfPreparationEE_loc"/>
    <label:label xlink:type="resource" xlink:label="jenv-bw2_BasisOfPreparationEE_label_en" xlink:role="http://www.xbrl.org/2008/role/label" xml:lang="en" id="jenv-bw2_BasisOfPreparationEE_label_en">Basis of preparation (EE)</label:label>
    <gen:arc xlink:type="arc" xlink:arcrole="http://xbrl.org/arcrole/2008/element-label" xlink:from="jenv-bw2_BasisOfPreparationEE_loc" xlink:to="jenv-bw2_BasisOfPreparationEE_label_en"/>
    <link:loc xlink:type="locator" xlink:href="jenv-bw2_cor.xsd#jenv-bw2_DirectorEE" xlink:label="jenv-bw2_DirectorEE_loc"/>
    <label:label xlink:type="resource" xlink:label="jenv-bw2_DirectorEE_label_en" xlink:role="http://www.xbrl.org/2008/role/label" xml:lang="en" id="jenv-bw2_DirectorEE_label_en">Director (EE)</label:label>
    <gen:arc xlink:type="arc" xlink:arcrole="http://xbrl.org/arcrole/2008/element-label" xlink:from="jenv-bw2_DirectorEE_loc" xlink:to="jenv-bw2_DirectorEE_label_en"/>
    <link:loc xlink:type="locator" xlink:href="jenv-bw2_cor.xsd#jenv-bw2_LegalFormEE" xlink:label="jenv-bw2_LegalFormEE_loc"/>
    <label:label xlink:type="resource" xlink:label="jenv-bw2_LegalFormEE_label_en" xlink:role="http://www.xbrl.org/2008/role/label" xml:lang="en" id="jenv-bw2_LegalFormEE_label_en">Legal form (EE)</label:label>
    <gen:arc xlink:type="arc" xlink:arcrole="http://xbrl.org/arcrole/2008/element-label" xlink:from="jenv-bw2_LegalFormEE_loc" xlink:to="jenv-bw2_LegalFormEE_label_en"/>
    <link:loc xlink:type="locator" xlink:href="jenv-bw2_cor.xsd#jenv-bw2_ProfitAppropriationEE" xlink:label="jenv-bw2_ProfitAppropriationEE_loc"/>
    <label:label xlink:type="resource" xlink:label="jenv-bw2_ProfitAppropriationEE_label_en" xlink:role="http://www.xbrl.org/2008/role/label" xml:lang="en" id="jenv-bw2_ProfitAppropriationEE_label_en">Profit appropriation (EE)</label:label>
    <gen:arc xlink:type="arc" xlink:arcrole="http://xbrl.org/arcrole/2008/element-label" xlink:from="jenv-bw2_ProfitAppropriationEE_loc" xlink:to="jenv-bw2_ProfitAppropriationEE_label_en"/>
  </gen:link>
</link:linkbase>
