<?xml version="1.0" encoding="UTF-8"?>
<link:linkbase xmlns:xsi="http://www.w3.org/2001/XMLSchema-instance" xsi:schemaLocation="http://www.xbrl.org/2003/linkbase http://www.xbrl.org/2003/xbrl-linkbase-2003-12-31.xsd http://www.w3.org/1999/xlink http://www.xbrl.org/2003/xlink-2003-12-31.xsd" xmlns:link="http://www.xbrl.org/2003/linkbase" xmlns:xbrldt="http://xbrl.org/2005/xbrldt" xmlns:xlink="http://www.w3.org/1999/xlink">
  <link:roleRef roleURI="https://www.nltaxonomie.nl/jenv/taxonomy/2025-01-01/jenv-bw2/basis-of-preparation-ee" xlink:type="simple" xlink:href="jenv-bw2_cor.xsd#jenv-bw2_BasisOfPreparationEE"/>
  <link:roleRef roleURI="https://www.nltaxonomie.nl/jenv/taxonomy/2025-01-01/jenv-bw2/director-ee" xlink:type="simple" xlink:href="jenv-bw2_cor.xsd#jenv-bw2_DirectorEE"/>
  <link:roleRef roleURI="https://www.nltaxonomie.nl/jenv/taxonomy/2025-01-01/jenv-bw2/legal-form-ee" xlink:type="simple" xlink:href="jenv-bw2_cor.xsd#jenv-bw2_LegalFormEE"/>
  <link:roleRef roleURI="https://www.nltaxonomie.nl/jenv/taxonomy/2025-01-01/jenv-bw2/profit-appropriation-ee" xlink:type="simple" xlink:href="jenv-bw2_cor.xsd#jenv-bw2_ProfitAppropriationEE"/>
  <link:arcroleRef arcroleURI="http://xbrl.org/int/dim/arcrole/domain-member" xlink:type="simple" xlink:href="http://www.xbrl.org/2005/xbrldt-2005.xsd#domain-member"/>
  <link:definitionLink xlink:type="extended" xlink:role="https://www.nltaxonomie.nl/jenv/taxonomy/2025-01-01/jenv-bw2/basis-of-preparation-ee">
    <link:loc xlink:type="locator" xlink:href="jenv-bw2_cor.xsd#jenv-bw2_BasisOfPreparationDomain" xlink:label="loc_1"/>
    <link:loc xlink:type="locator" xlink:href="jenv-bw2_cor.xsd#jenv-bw2_BasisOfPreparationCommercial" xlink:label="loc_2"/>
    <link:definitionArc xlink:type="arc" xlink:arcrole="http://xbrl.org/int/dim/arcrole/domain-member" xlink:from="loc_1" xlink:to="loc_2" xbrldt:usable="true"/>
    <link:loc xlink:type="locator" xlink:href="jenv-bw2_cor.xsd#jenv-bw2_BasisOfPreparationFiscal" xlink:label="loc_3"/>
    <link:definitionArc xlink:type="arc" xlink:arcrole="http://xbrl.org/int/dim/arcrole/domain-member" xlink:from="loc_1" xlink:to="loc_3" xbrldt:usable="true"/>
  </link:definitionLink>
  <link:definitionLink xlink:type="extended" xlink:role="https://www.nltaxonomie.nl/jenv/taxonomy/2025-01-01/jenv-bw2/director-ee">
    <link:loc xlink:type="locator" xlink:href="jenv-bw2_cor.xsd#jenv-bw2_DirectorDomain" xlink:label="loc_1"/>
    <link:loc xlink:type="locator" xlink:href="jenv-bw2_cor.xsd#jenv-bw2_ManagingDirectorCurrent" xlink:label="loc_2"/>
    <link:definitionArc xlink:type="arc" xlink:arcrole="http://xbrl.org/int/dim/arcrole/domain-member" xlink:from="loc_1" xlink:to="loc_2" xbrldt:usable="true"/>
    <link:loc xlink:type="locator" xlink:href="jenv-bw2_cor.xsd#jenv-bw2_ManagingDirectorFormer" xlink:label="loc_3"/>
    <link:definitionArc xlink:type="arc" xlink:arcrole="http://xbrl.org/int/dim/arcrole/domain-member" xlink:from="loc_1" xlink:to="loc_3" xbrldt:usable="true"/>
    <link:loc xlink:type="locator" xlink:href="jenv-bw2_cor.xsd#jenv-bw2_SupervisoryDirectorCurrent" xlink:label="loc_4"/>
    <link:definitionArc xlink:type="arc" xlink:arcrole="http://xbrl.org/int/dim/arcrole/domain-member" xlink:from="loc_1" xlink:to="loc_4" xbrldt:usable="true"/>
    <link:loc xlink:type="locator" xlink:href="jenv-bw2_cor.xsd#jenv-bw2_SupervisoryDirectorFormer" xlink:label="loc_5"/>
    <link:definitionArc xlink:type="arc" xlink:arcrole="http://xbrl.org/int/dim/arcrole/domain-member" xlink:from="loc_1" xlink:to="loc_5" xbrldt:usable="true"/>
  </link:definitionLink>
  <link:definitionLink xlink:type="extended" xlink:role="https://www.nltaxonomie.nl/jenv/taxonomy/2025-01-01/jenv-bw2/legal-form-ee">
    <link:loc xlink:type="locator" xlink:href="jenv-bw2_cor.xsd#jenv-bw2_LegalFormDomain" xlink:label="loc_1"/>
    <link:loc xlink:type="locator" xlink:href="jenv-bw2_cor.xsd#jenv-bw2_PrivateLimitedLiabilityCompany" xlink:label="loc_2"/>
    <link:definitionArc xlink:type="arc" xlink:arcrole="http://xbrl.org/int/dim/arcrole/domain-member" xlink:from="loc_1" xlink:to="loc_2" xbrldt:usable="true"/>
    <link:loc xlink:type="locator" xlink:href="jenv-bw2_cor.xsd#jenv-bw2_LimitedPartnership" xlink:label="loc_3"/>
    <link:definitionArc xlink:type="arc" xlink:arcrole="http://xbrl.org/int/dim/arcrole/domain-member" xlink:from="loc_1" xlink:to="loc_3" xbrldt:usable="true"/>
    <link:loc xlink:type="locator" xlink:href="jenv-bw2_cor.xsd#jenv-bw2_Cooperative" xlink:label="loc_4"/>
    <link:definitionArc xlink:type="arc" xlink:arcrole="http://xbrl.org/int/dim/arcrole/domain-member" xlink:from="loc_1" xlink:to="loc_4" xbrldt:usable="true"/>
    <link:loc xlink:type="locator" xlink:href="jenv-bw2_cor.xsd#jenv-bw2_PublicLimitedLiabilityCompany" xlink:label="loc_5"/>
    <link:definitionArc xlink:type="arc" xlink:arcrole="http://xbrl.org/int/dim/arcrole/domain-member" xlink:from="loc_1" xlink:to="loc_5" xbrldt:usable="true"/>
    <link:loc xlink:type="locator" xlink:href="jenv-bw2_cor.xsd#jenv-bw2_MutualInsuranceCompany" xlink:label="loc_6"/>
    <link:definitionArc xlink:type="arc" xlink:arcrole="http://xbrl.org/int/dim/arcrole/domain-member" xlink:from="loc_1" xlink:to="loc_6" xbrldt:usable="true"/>
    <link:loc xlink:type="locator" xlink:href="jenv-bw2_cor.xsd#jenv-bw2_Foundation" xlink:label="loc_7"/>
    <link:definitionArc xlink:type="arc" xlink:arcrole="http://xbrl.org/int/dim/arcrole/domain-member" xlink:from="loc_1" xlink:to="loc_7" xbrldt:usable="true"/>
    <link:loc xlink:type="locator" xlink:href="jenv-bw2_cor.xsd#jenv-bw2_GeneralPartnership" xlink:label="loc_8"/>
    <link:definitionArc xlink:type="arc" xlink:arcrole="http://xbrl.org/int/dim/arcrole/domain-member" xlink:from="loc_1" xlink:to="loc_8" xbrldt:usable="true"/>
    <link:loc xlink:type="locator" xlink:href="jenv-bw2_cor.xsd#jenv-bw2_Association" xlink:label="loc_9"/>
    <link:definitionArc xlink:type="arc" xlink:arcrole="http://xbrl.org/int/dim/arcrole/domain-member" xlink:from="loc_1" xlink:to="loc_9" xbrldt:usable="true"/>
  </link:definitionLink>
  <link:definitionLink xlink:type="extended" xlink:role="https://www.nltaxonomie.nl/jenv/taxonomy/2025-01-01/jenv-bw2/profit-appropriation-ee">
    <link:loc xlink:type="locator" xlink:href="jenv-bw2_cor.xsd#jenv-bw2_ProfitAppropriationDomain" xlink:label="loc_1"/>
    <link:loc xlink:type="locator" xlink:href="jenv-bw2_cor.xsd#jenv-bw2_ProfitAppropriationBefore" xlink:label="loc_2"/>
    <link:definitionArc xlink:type="arc" xlink:arcrole="http://xbrl.org/int/dim/arcrole/domain-member" xlink:from="loc_1" xlink:to="loc_2" xbrldt:usable="true"/>
    <link:loc xlink:type="locator" xlink:href="jenv-bw2_cor.xsd#jenv-bw2_ProfitAppropriationAfter" xlink:label="loc_3"/>
    <link:definitionArc xlink:type="arc" xlink:arcrole="http://xbrl.org/int/dim/arcrole/domain-member" xlink:from="loc_1" xlink:to="loc_3" xbrldt:usable="true"/>
  </link:definitionLink>
</link:linkbase>
